id,place
1,İstanbul/Beykoz/Çubuklu
2,İstanbul/Şişli/Harbiye
3,İstanbul/Beşiktaş/Bebek
4,İstanbul/Beşiktaş/Levazım
5,İstanbul/Bakırköy/Ataköy 2-5-6.
6,İstanbul/Beykoz/Acarlar
7,İstanbul/Üsküdar/Mehmet Akif Ersoy
8,İstanbul/Üsküdar/Çengelköy
9,İstanbul/Beşiktaş/Kuruçeşme
10,İstanbul/Sarıyer/Pınar
11,İstanbul/Sarıyer/Kumköy
12,İstanbul/Beşiktaş/Ulus
13,İstanbul/Bakırköy/Basınköy
14,İstanbul/Bakırköy/Şenlikköy
15,İstanbul/Beyoğlu/Gümüşsuyu
16,İstanbul/Sarıyer/Emirgan
17,İstanbul/Beşiktaş/Arnavutköy
18,İstanbul/Beşiktaş/Akat
19,İstanbul/Sarıyer/Tarabya
20,İstanbul/Beşiktaş/Ortaköy
21,İstanbul/Sarıyer/Kocataş
22,İstanbul/Tuzla/Tepeören
23,İstanbul/Sarıyer/İstinye
24,İstanbul/Beşiktaş/Dikilitaş
25,Balıkesir/Marmara/Okullar
26,İstanbul/Bakırköy/Yeşilyurt
27,İstanbul/Sarıyer/Demirci
28,İstanbul/Sarıyer/Uskumruköy
29,İstanbul/Beşiktaş/Nisbetiye
30,İstanbul/Üsküdar/Salacak
31,İzmir/Urla/İçmeler
32,İstanbul/Üsküdar/Bahçelievler
33,İstanbul/Büyükçekmece/Alkent 2000
34,İstanbul/Büyükçekmece/Karaagaç
35,Muğla/Bodrum/Ortakentyahşi
36,İstanbul/Bakırköy/Ataköy 7-8-9-10
37,İstanbul/Sarıyer/Baltalimanı
38,Antalya/Alanya/Bektaş
39,İstanbul/Beşiktaş/Etiler
40,İzmir/Çeşme/Sakarya
41,Antalya/Muratpaşa/Fener
42,İstanbul/Beşiktaş/Levent
43,İstanbul/Eyüp/Göktürk Merkez
44,İstanbul/Şişli/19 Mayıs
45,Kocaeli/Başiskele/Körfez
46,Muğla/Menteşe/Kötekli
47,İzmir/Güzelbahçe/Çelebi
48,İzmir/Konak/Akdeniz
49,İstanbul/Çekmeköy/Merkez
50,Sakarya/Sapanca/Rüstempaşa
51,İstanbul/Sarıyer/Zekeriyaköy
52,İzmir/Çeşme/Çakabey
53,Balıkesir/Ayvalık/Sakarya
54,İstanbul/Bakırköy/Yeşilköy
55,İstanbul/Beyoğlu/İstiklal
56,İzmir/Güzelbahçe/Mustafa Kemal Paşa
57,İstanbul/Sarıyer/Cumhuriyet
58,İstanbul/Sarıyer/Maden
59,İzmir/Güzelbahçe/Yalı
60,Sakarya/Sapanca/Tepebaşı
61,İzmir/Çeşme/Ilıca
62,İzmir/Çeşme/Ardıç
63,İstanbul/Kadıköy/Fenerbahçe
64,Muğla/Bodrum/Yalıkavak
65,İzmir/Torbalı/Çamlıca
66,İzmir/Çeşme/Alaçatı
67,Muğla/Bodrum/Göltürkbükü
68,İzmir/Konak/Akın Simav
69,İstanbul/Sarıyer/Ayazağa
70,Ankara/Çankaya/Söğütözü
71,Eskişehir/Tepebaşı/Hacı Seyit
72,İstanbul/Kadıköy/Caddebostan
73,İstanbul/Beykoz/Çiftlik
74,İstanbul/Şişli/Teşvikiye
75,Giresun/Merkez/Kayadibi
76,İstanbul/Başakşehir/Bahçeşehir 1. Kısım
77,İzmir/Çeşme/Çiftlik
78,Ankara/Çankaya/Mutlukent
79,İstanbul/Çekmeköy/Reşadiye
80,İstanbul/Kadıköy/Erenköy
81,İstanbul/Sarıyer/Yeniköy
82,İstanbul/Beyoğlu/Firuzağa
83,Bursa/Osmangazi/Hocahasan
84,İstanbul/Esenyurt/Ardıçlı
85,İstanbul/Sarıyer/Maslak
86,İstanbul/Kadıköy/Suadiye
87,Muğla/Menteşe/Ortaköy
88,Mersin(İçel)/Mezitli/Fatih
89,İzmir/Çeşme/Şifne
90,Ordu/Gülyalı/Yeniköy
91,Muğla/Bodrum/Bitez
92,Sakarya/Serdivan/Kemalpaşa
93,Ankara/Gölbaşı/Ballıkpınar
94,İstanbul/Ümraniye/Tantavi
95,İstanbul/Zeytinburnu/Sümer
96,Muğla/Fethiye/Karagözler
97,İzmir/Menderes/Gümüldür Cumhuriyet
98,İzmir/Çiğli/Sasallı Merkez
99,Muğla/Bodrum/Torba
100,Muğla/Bodrum/Gündoğan
101,İstanbul/Beyoğlu/Cihangir
102,İstanbul/Şişli/Esentepe
103,İzmir/Karşıyaka/Mavişehir
104,Balıkesir/Edremit/Zeytinli
105,Konya/Meram/Çandır
106,Muğla/Ortaca/Sarıgerme
107,İstanbul/Çatalca/Elbasan
108,Muğla/Bodrum/Yalı
109,Aydın/Kuşadası/Güzelçamlı
110,Mersin(İçel)/Yenişehir/Menteş
111,Muğla/Bodrum/Turgutreis
112,İstanbul/Şile/Çavuş
113,İstanbul/Kadıköy/Göztepe
114,İstanbul/Başakşehir/Bahçeşehir 2. Kısım
115,Muğla/Bodrum/Gümüşlük
116,İstanbul/Beşiktaş/Gayrettepe
117,İstanbul/Pendik/Sapan Bağları
118,İstanbul/Ataşehir/Barbaros
119,Bursa/Mudanya/Bademli
120,İstanbul/Bakırköy/Ataköy 3-4-11
121,İstanbul/Küçükçekmece/Halkalı Merkez
122,Antalya/Muratpaşa/Deniz
123,İstanbul/Beşiktaş/Türkali
124,İzmir/Güzelbahçe/Maltepe
125,Ankara/Gölbaşı/Bahçelievler
126,Tekirdağ/Çorlu/Önerler
127,İzmir/Karabağlar/Adnan Süvari
128,Ankara/Gölbaşı/Karşıyaka
129,Muğla/Bodrum/Eskiçeşme
130,Ankara/Gölbaşı/İncek
131,İstanbul/Bahçelievler/Bahçelievler
132,İstanbul/Şişli/Mecidiyeköy
133,Ankara/Çankaya/Beytepe
134,Muğla/Marmaris/Armutalan
135,Yalova/Çınarcık/Esenköy (Aliye Hanım)
136,İstanbul/Gaziosmanpaşa/Karadeniz
137,İzmir/Urla/Kuşçular
138,Aydın/Kuşadası/Karaova
139,İstanbul/Kartal/Soğanlık Yeni
140,Balıkesir/Edremit/Avcılar
141,İzmir/Balçova/Teleferik
142,İstanbul/Kadıköy/Feneryolu
143,İstanbul/Şile/Ahmetli
144,İzmir/Karşıyaka/Bostanlı
145,Ankara/Çankaya/Oran
146,İzmir/Bornova/Yıldırım Beyazıt
147,Ankara/Çankaya/Prof. Dr. Ahmet Taner Kışlalı
148,Muğla/Dalaman/Hürriyet
149,İstanbul/Üsküdar/Acıbadem
150,Antalya/Kepez/Ahatlı
151,İzmir/Narlıdere/Yenikale
152,Eskişehir/Odunpazarı/Sümer
153,İzmir/Bayraklı/Adalet
154,Muğla/Datça/Yaka
155,Antalya/Konyaaltı/Uncalı
156,İstanbul/Kadıköy/Eğitim
157,Muğla/Bodrum/Bahçelievler
158,İstanbul/Üsküdar/Altunizade
159,Ankara/Beypazarı/Ayvaşık
160,Ankara/Çankaya/Çayyolu
161,İstanbul/Beykoz/Göztepe
162,İstanbul/Sancaktepe/Veysel Karani
163,İstanbul/Sarıyer/Büyükdere
164,Ankara/Gölbaşı/Taşpınar
165,Muğla/Bodrum/Çırkan
166,İstanbul/Eyüp/Mithatpaşa
167,İstanbul/Kadıköy/Kozyatağı
168,İstanbul/Sarıyer/Darüşşafaka
169,İstanbul/Üsküdar/Aziz Mahmut Hüdayi
170,Balıkesir/Gömeç/Karaağaç
171,Denizli/Merkez/Bereketler
172,Sakarya/Adapazarı/Rüstemler
173,Yalova/Merkez/Paşakent
174,İstanbul/Gaziosmanpaşa/Fevzi Çakmak
175,Ankara/Çankaya/Çukurambar
176,Ankara/Çankaya/Güzeltepe
177,İzmir/Menderes/Kasımpaşa
178,İstanbul/Kadıköy/Merdivenköy
179,İstanbul/Bakırköy/Zeytinlik
180,İstanbul/Şişli/Fulya
181,İzmir/Karşıyaka/Atakent
182,İstanbul/Çekmeköy/Nişantepe
183,Ankara/Çankaya/Yıldızevler
184,Muğla/Bodrum/Konacık
185,İzmir/Menderes/Gümüldür İnönü
186,Ankara/Çankaya/Koru
187,Muğla/Bodrum/Koyunbaba
188,Ordu/Altınordu/Güzelyalı
189,Sakarya/Adapazarı/Korucuk
190,İstanbul/Fatih/Silivrikapı
191,İstanbul/Ümraniye/Saray
192,İstanbul/Şişli/Kaptan Paşa
193,İstanbul/Şişli/Meşrutiyet
194,İzmir/Narlıdere/Çatalkaya
195,Ankara/Çankaya/Çiğdem
196,Ankara/Çankaya/Alacaatlı
197,Muğla/Bodrum/Yokuşbaşı
198,Antalya/Muratpaşa/Şirinyalı
199,Bursa/Nilüfer/23 Nisan
200,İzmir/Bayraklı/Mansuroğlu
201,İzmir/Bornova/Evka 3
202,İstanbul/Kadıköy/19 Mayıs
203,İstanbul/Kadıköy/Dumlupınar
204,İstanbul/Sancaktepe/Emek
205,İstanbul/Büyükçekmece/Atatürk
206,Ankara/Çankaya/Ümit
207,Ankara/Gölbaşı/Hacılar
208,İstanbul/Sultanbeyli/Adil
209,Ankara/Çankaya/Üniversiteler
210,İzmir/Karşıyaka/Bahçelievler
211,İstanbul/Bakırköy/Sakızağacı
212,Denizli/Merkez/Yenişehir
213,Kocaeli/Kartepe/Balaban
214,İstanbul/Eyüp/Mimarsinan
215,İstanbul/Kağıthane/Emniyetevleri
216,İstanbul/Ümraniye/Namık Kemal
217,İstanbul/Şile/Kumbaba
218,İzmir/Menemen/85. Yıl Cumhuriyet
219,İstanbul/Kadıköy/Sahrayı Cedit
220,Muğla/Dalaman/Karaçalı
221,İstanbul/Kartal/Orhantepe
222,İstanbul/Üsküdar/Cumhuriyet
223,İstanbul/Bakırköy/Kartaltepe
224,İstanbul/Bağcılar/Göztepe
225,Bursa/Nilüfer/Balat
226,Amasya/Merzifon/Harmanlar
227,Antalya/Döşemealtı/Yeşilbayır
228,İstanbul/Büyükçekmece/Fatih
229,Ankara/Mamak/Saimekadın
230,Bursa/Nilüfer/Çamlıca
231,İstanbul/Ümraniye/Site
232,İstanbul/Kadıköy/Fikirtepe
233,İzmir/Menderes/Çukuraltı
234,İstanbul/Ataşehir/Ataşehir Atatürk
235,Ankara/Yenimahalle/Gazi
236,İzmir/Karşıyaka/Aksoy
237,İzmir/Bornova/Kazımdirik
238,Adana/Seyhan/Cemalpaşa
239,İstanbul/Şişli/Cumhuriyet
240,İstanbul/Gaziosmanpaşa/Karayolları
241,Ankara/Çankaya/Balgat
242,Aydın/Kuşadası/Bayraklıdede
243,Balıkesir/Ayvalık/Sefa Çamlık
244,İzmir/Konak/Mehmet Ali Akman
245,İzmir/Urla/Çamlıçay
246,Konya/Meram/Yenice
247,İzmir/Balçova/Eğitim
248,İstanbul/Başakşehir/Başak
249,K.K.T.C./Girne/Alsancak
250,İzmir/Karabağlar/Basın Sitesi
251,İstanbul/Maltepe/Yalı
252,İzmir/Gaziemir/Gazi
253,Çanakkale/Ayvacık/Küçükkuyu (Sahil)
254,İstanbul/Şişli/Merkez
255,İstanbul/Büyükçekmece/Güzelce
256,İzmir/Menderes/Orta
257,İzmir/Çiğli/Ataşehir
258,İstanbul/Sancaktepe/Eyüp Sultan
259,İstanbul/Bağcılar/Mahmutbey
260,Kocaeli/Kartepe/Suadiye
261,Kocaeli/Darıca/Piri Reis
262,İstanbul/Ataşehir/Küçükbakkalköy
263,İstanbul/Üsküdar/Ahmediye
264,İstanbul/Beşiktaş/Abbasağa
265,İstanbul/Kadıköy/Bostancı
266,Muğla/Bodrum/Geriş
267,İstanbul/Büyükçekmece/Celaliye
268,İstanbul/Üsküdar/Kuzguncuk
269,İzmir/Bayraklı/75. Yıl
270,İzmir/Foça/İsmetpaşa
271,Balıkesir/Burhaniye/Pelitköy
272,Ankara/Çankaya/Aziziye
273,Antalya/Alanya/Kestel
274,Adana/Çukurova/Kurttepe
275,Zonguldak/Kozlu/Merkez
276,İstanbul/Bağcılar/Evren
277,İstanbul/Zeytinburnu/Maltepe
278,Ankara/Yenimahalle/Yeni Batı
279,İstanbul/Şişli/Duatepe
280,İzmir/Seferihisar/Çolak İbrahim Bey
281,İstanbul/Esenyurt/Zafer
282,Ankara/Çankaya/Çankaya
283,Balıkesir/Edremit/Güre
284,Antalya/Muratpaşa/Mehmetçik
285,İstanbul/Maltepe/Altayçeşme
286,Ankara/Çankaya/İncesu
287,Mersin(İçel)/Yenişehir/Limonluk
288,Ankara/Çankaya/Yaşamkent
289,Ankara/Çankaya/Oğuzlar
290,Antalya/Muratpaşa/Yeşilbahçe
291,Aydın/Efeler/Adnan Menderes
292,Balıkesir/Ayvalık/Namık Kemal
293,Mersin(İçel)/Mezitli/Menderes
294,İstanbul/Beykoz/Kavacık
295,İstanbul/Beyoğlu/Kalyoncu Kulluğu
296,İstanbul/Şişli/İzzetpaşa
297,İstanbul/Şişli/Halide Edip Adıvar
298,İstanbul/Tuzla/Postane
299,Ankara/Çankaya/Bahçelievler
300,İzmir/Gaziemir/Dokuz Eylül
301,İstanbul/Küçükçekmece/Atakent
302,Balıkesir/Edremit/Narlı
303,Aydın/Didim/Mavişehir
304,Bursa/Nilüfer/Esentepe
305,İstanbul/Maltepe/Cevizli
306,Ankara/Etimesgut/Bağlıca
307,Ankara/Çankaya/Emek
308,İstanbul/Eyüp/Alibeyköy
309,İstanbul/Ümraniye/Aşağı Dudullu
310,İstanbul/Kadıköy/Acıbadem
311,İstanbul/Pendik/Çamlık
312,İstanbul/Üsküdar/İcadiye
313,Mersin(İçel)/Yenişehir/50. Yıl
314,Balıkesir/Edremit/Cennetayağı
315,İstanbul/Şişli/Bozkurt
316,İzmir/Buca/Yiğitler
317,Aydın/Didim/Akbük
318,Mersin(İçel)/Erdemli/Çeşmeli
319,Ankara/Çankaya/Yukarı Bahçelievler
320,İstanbul/Kartal/Karlıktepe
321,İzmir/Balçova/Fevzi Çakmak
322,İstanbul/Başakşehir/Kayabaşı
323,Manisa/Yunusemre/Cumhuriyet
324,Ankara/Çankaya/Güvenevler
325,İstanbul/Küçükçekmece/Yeşilova
326,İzmir/Gaziemir/Yeşil
327,Kocaeli/Başiskele/Yuvacık Yakacık
328,Bursa/Osmangazi/Dikkaldırım
329,Muğla/Datça/İskele
330,İstanbul/Kağıthane/Ortabayır
331,Ankara/Çankaya/İlkbahar
332,Ankara/Yenimahalle/Beştepe
333,İstanbul/Maltepe/İdealtepe
334,İstanbul/Sancaktepe/Abdurrahmangazi
335,Ankara/Çankaya/Birlik
336,İstanbul/Kartal/Çavuşoğlu
337,İstanbul/Beylikdüzü/Adnan Kahveci
338,Antalya/Muratpaşa/Kızıltoprak
339,Bursa/Nilüfer/Ataevler
340,Ankara/Yenimahalle/Turgut Özal
341,Bursa/Mudanya/Hasanbey
342,İstanbul/Ataşehir/Örnek
343,İstanbul/Ümraniye/Atatürk
344,Bursa/Nilüfer/Cumhuriyet
345,İstanbul/Beylikdüzü/Kavaklı
346,Denizli/Merkez/Kayalar
347,Muğla/Datça/Reşadiye
348,İstanbul/Çekmeköy/Güngören
349,İzmir/Aliağa/Kazım Dirik
350,İzmir/Menderes/Gümüldür Atatürk
351,Bursa/Mudanya/Halitpaşa
352,İstanbul/Üsküdar/Murat Reis
353,İstanbul/Bahçelievler/Yenibosna Merkez
354,Aydın/Söke/Kemalpaşa
355,Bursa/Osmangazi/Zafer
356,Konya/Selçuklu/Aydınlıkevler
357,Muğla/Bodrum/Gümbet
358,İstanbul/Ataşehir/Esatpasa
359,İstanbul/Ümraniye/Armağan Evler
360,İzmir/Balçova/Çetin Emeç
361,İstanbul/Bahçelievler/Şirinevler
362,İstanbul/Üsküdar/Selimiye
363,İstanbul/Kağıthane/Çeliktepe
364,İstanbul/Küçükçekmece/Cumhuriyet
365,Bursa/Nilüfer/Beşevler
366,İstanbul/Ataşehir/Yenişehir
367,İstanbul/Maltepe/Başıbüyük
368,Aydın/Didim/Ak-Yeniköy
369,Bursa/Mudanya/Ömerbey
370,İstanbul/Çekmeköy/Cumhuriyet
371,İstanbul/Çekmeköy/Sultançiftliği
372,Ankara/Çankaya/İşçi Blokları
373,Antalya/Alanya/Oba
374,Muğla/Fethiye/Cumhuriyet
375,Adana/Çukurova/Güzelyalı
376,İstanbul/Maltepe/Altıntepe
377,Çanakkale/Ayvacık/Küçükkuyu
378,Yalova/Çınarcık/Harmanlar
379,İstanbul/Üsküdar/Selamiali
380,K.K.T.C./Girne/Lapta
381,İstanbul/Beşiktaş/Konaklar
382,İzmir/Seferihisar/Atatürk
383,Antalya/Konyaaltı/Liman
384,Eskişehir/Odunpazarı/Vişnelik
385,Ankara/Çankaya/Sancak
386,İzmir/Karşıyaka/Örnekköy
387,Balıkesir/Edremit/Altınoluk
388,Antalya/Muratpaşa/Dutlubahçe
389,Bursa/Nilüfer/Odunluk
390,Denizli/Merkez/Selçuk Bey
391,İstanbul/Fatih/Şehremini
392,İstanbul/Küçükçekmece/İnönü
393,İstanbul/Pendik/Harmandere
394,İzmir/Konak/Piri Reis
395,Ankara/Etimesgut/Göksu
396,Ankara/Çankaya/Gökkuşağı
397,İstanbul/Maltepe/Feyzullah
398,Muğla/Menteşe/Emirbeyazıt
399,Bursa/Nilüfer/Kültür
400,İstanbul/Maltepe/Küçükyalı
401,Ankara/Çankaya/Bağcılar
402,Antalya/Konyaaltı/Toros
403,Denizli/Merkez/Gerzele
404,İstanbul/Bahçelievler/Cumhuriyet
405,İstanbul/Fatih/Aksaray
406,İstanbul/Maltepe/Bağlarbaşı
407,İzmir/Balçova/Korutürk
408,Ankara/Çankaya/Gaziosmanpaşa
409,Ankara/Keçiören/Ovacık
410,Denizli/Merkez/Göveçlik
411,İstanbul/Kartal/Kordonboyu
412,İstanbul/Tuzla/Cami
413,İzmir/Narlıdere/Çamtepe
414,Bursa/Nilüfer/Demirci
415,Kocaeli/Gebze/Osman Yılmaz
416,İstanbul/Bakırköy/Zuhuratbaba
417,İstanbul/Pendik/Yenişehir
418,Ankara/Çankaya/Dodurga
419,Tekirdağ/Çorlu/Hürriyet
420,Antalya/Konyaaltı/Hurma
421,İstanbul/Silivri/Yeni
422,İstanbul/Kağıthane/Merkez
423,İstanbul/Ataşehir/İçerenköy
424,İstanbul/Kağıthane/Telsizler
425,Bursa/Nilüfer/Ertuğrul
426,Muğla/Bodrum/Akyarlar
427,İstanbul/Kartal/Cevizli
428,Aydın/Kuşadası/Türkmen
429,İstanbul/Esenler/Mimar Sinan
430,Antalya/Serik/Kadriye
431,Manisa/Şehzadeler/Peker
432,Trabzon/Ortahisar/Soğuksu
433,İstanbul/Beyoğlu/Çatma Mescit
434,İzmir/Foça/Fatih
435,Denizli/Merkez/Gültepe
436,Ankara/Çankaya/Kazım Özalp
437,Antalya/Kepez/Fabrikalar
438,Antalya/Konyaaltı/Arapsuyu
439,İstanbul/Arnavutköy/Bolluca
440,İstanbul/Beşiktaş/Vişnezade
441,İstanbul/Pendik/Bahçelievler
442,İzmir/Buca/Akıncılar
443,Adana/Çukurova/Belediye Evleri
444,İstanbul/Arnavutköy/Mavigöl
445,Ankara/Yenimahalle/Susuz
446,İzmir/Menemen/29 Ekim
447,Denizli/Merkez/Yenişafak
448,Ankara/Yenimahalle/Yeniçağ
449,Mersin(İçel)/Yenişehir/Eğriçam
450,Muğla/Marmaris/Beldibi
451,İzmir/Gaziemir/Irmak
452,Ankara/Çankaya/Konutkent
453,İzmir/Karşıyaka/Bahriye Üçok
454,İzmir/Karşıyaka/Dedebaşı
455,Tekirdağ/Süleymanpaşa/Hürriyet
456,İzmir/Gaziemir/Atıfbey
457,Ankara/Altındağ/Ali Ersoy
458,İzmir/Karabağlar/Arap Hasan
459,Ankara/Çankaya/Ayrancı
460,İstanbul/Bahçelievler/Siyavuşpaşa
461,Bursa/Nilüfer/Konak
462,Kayseri/Kocasinan/Serçeönü
463,Kırklareli/Lüleburgaz/Zafer
464,Ankara/Gölbaşı/Kızılcaşar
465,Mersin(İçel)/Mezitli/Yeni
466,Antalya/Alanya/Çarşı
467,Antalya/Muratpaşa/Meydankavağı
468,Aydın/Didim/Altınkum
469,Giresun/Merkez/Teyyaredüzü
470,Manisa/Salihli/Zafer
471,Muğla/Bodrum/Yeniköy
472,Samsun/Atakum/Güzelyalı
473,Trabzon/Ortahisar/Üniversite
474,İzmir/Konak/Murat Reis
475,Bursa/Nilüfer/Fethiye
476,Ankara/Sincan/Saraycık
477,İzmir/Çiğli/Ahmet Taner Kışlalı
478,Mersin(İçel)/Mezitli/Merkez
479,Ankara/Çankaya/Büyükesat
480,Ankara/Altındağ/Güneşevler
481,Ankara/Gölbaşı/Örencik
482,Ankara/Çankaya/Göktürk
483,İstanbul/Sancaktepe/Meclis
484,İzmir/Karşıyaka/İnönü
485,İzmir/Çeşme/Dalyan
486,İstanbul/Şişli/Feriköy
487,İzmir/Karşıyaka/Yalı
488,Ankara/Çankaya/Akpınar
489,Eskişehir/Odunpazarı/Kurtuluş
490,Manisa/Şehzadeler/Yarhasanlar
491,Ankara/Yenimahalle/Kardelen
492,Bursa/Mudanya/Güzelyalı Yalı
493,Muğla/Milas/Güllük
494,İstanbul/Küçükçekmece/Kanarya
495,İstanbul/Ümraniye/Şerifali
496,Ankara Satılık Daire İlanları/Çankaya Satılık Daire İlanları/Birlik Satılık Daire İlanları
497,Gaziantep/Nizip/Fatih Sultan
498,Muğla/Menteşe/Karamehmet
499,İzmir/Bergama/Zafer
500,İzmir/Buca/Şirinkapı
501,Adıyaman/Merkez/Yeni Sanayi
502,İstanbul/Ataşehir/İnönü
503,Aydın/Kuşadası/Değirmendere
504,Denizli/Merkez/Sırakapılar
505,Ankara/Yenimahalle/Yukarı Yahyalar
506,Çanakkale/Ayvacık/Küçükkuyu (Mıhlı)
507,İstanbul/Kartal/Esentepe
508,Ankara/Çankaya/Kırkkonaklar
509,Ankara/Çankaya/İlkadım
510,Eskişehir/Odunpazarı/Göztepe
511,Manisa/Akhisar/Hürriyet
512,İstanbul/Fatih/Kocamustafapaşa
513,İstanbul/Silivri/Selimpaşa Merkez
514,Ankara/Çankaya/Cevizlidere
515,İstanbul/Ümraniye/Çakmak
516,Bursa/Gürsu/İstiklal
517,Kocaeli/Başiskele/Serdar
518,Kocaeli/Darıca/Bağlarbaşı
519,Muğla/Bodrum/Dirmil
520,Sakarya/Sapanca/Hacımercan
521,İstanbul/Esenyurt/Gökevler
522,İstanbul/Eyüp/İslambey
523,İstanbul/Maltepe/Çınar
524,İstanbul/Pendik/Kurtköy
525,İzmir/Konak/Zafertepe
526,Ankara/Çankaya/Keklik Pınarı
527,İstanbul/Kağıthane/Gültepe
528,İstanbul/Üsküdar/Validei Atik
529,Ankara/Etimesgut/Ahi Mesut
530,Çanakkale/Merkez/Kepez
531,Ankara/Çankaya/Kavaklıdere
532,Aydın/Kuşadası/Hacıfeyzullah
533,Bursa/Osmangazi/Sakarya
534,K.K.T.C./Lefkoşa/Küçükkaymaklı
535,Konya/Selçuklu/Şeker
536,Çanakkale/Merkez/Barbaros
537,İstanbul/Esenyurt/Eşkinoz
538,İstanbul/Kartal/Atalar
539,İstanbul/Pendik/Esenler
540,İzmir/Kemalpaşa/Sekiz Eylül
541,Ankara Satılık Daire İlanları/Keçiören Satılık Daire İlanları/Ayvalı Satılık Daire İlanları
542,Gaziantep/Şehitkamil/Atatürk
543,Aydın/Kuşadası/Kadınlar Denizi
544,Adana/Çukurova/Yurt
545,Ankara/Altındağ/Aydınlıkevler
546,Kocaeli/Körfez/Yavuz Sultan Selim
547,Manisa/Yunusemre/Güzelyurt
548,İzmir/Bornova/Ergene
549,İzmir/Karşıyaka/Nergiz
550,İzmir/Karabağlar/Yurdoğlu
551,İzmir/Bayraklı/Manavkuyu
552,Ankara/Yenimahalle/Güventepe
553,İzmir/Konak/Güzelyalı
554,İstanbul/Beylikdüzü/Büyükşehir
555,Ankara/Yenimahalle/Aşağı Yahyalar
556,Ankara/Yenimahalle/Karacakaya
557,Antalya/Konyaaltı/Gürsu
558,Balıkesir/Altıeylül/Bahçelievler
559,Gaziantep/Nizip/Mimar Sinan
560,İstanbul/Esenyurt/Pınar
561,İzmir/Karşıyaka/Goncalar
562,İzmir/Narlıdere/Huzur
563,Tekirdağ/Çerkezköy/Cumhuriyet
564,Ankara/Çankaya/Ata
565,Tekirdağ/Çorlu/Kazımiye
566,İstanbul/Eyüp/Esentepe
567,Ankara/Yenimahalle/Barış
568,Ankara/Çankaya/Bademlidere
569,Ankara/Çankaya/Öveçler
570,Kayseri/Melikgazi/Köşk
571,İstanbul/Pendik/Sülüntepe
572,İzmir/Buca/Çamlıkule
573,Ankara/Yenimahalle/Pamuklar
574,Ankara/Çankaya/Tınaztepe
575,Ankara/Çankaya/Karapınar
576,Ankara/Çankaya/Remzi Oğuz Arık
577,İstanbul/Küçükçekmece/Gültepe
578,İstanbul/Maltepe/Aydınevler
579,İzmir/Konak/Çankaya
580,Ankara/Yenimahalle/Serhat
581,Ankara/Yenimahalle/Tepealtı
582,Ankara/Yenimahalle/Yunus Emre
583,Balıkesir/Altıeylül/Hacı İlbey
584,K.K.T.C./Lefkoşa/Ortaköy
585,Kocaeli/İzmit/Orhan
586,Muğla/Bodrum/Karabağ
587,Ordu/Altınordu/Kumbaşı
588,İstanbul/Pendik/Çamçeşme
589,İstanbul/Silivri/Semizkumlar
590,İzmir/Karşıyaka/Bahariye
591,İzmir/Karşıyaka/Donanmacı
592,İzmir/Karşıyaka/Şemikler
593,İzmir/Konak/Güneşli
594,İzmir/Çeşme/16 Eylül
595,İzmir/Çiğli/Harmandalı Gazi Mustafa Kemal Atatürk
596,İstanbul/Bahçelievler/Soğanlı
597,Konya/Selçuklu/Yazır
598,Gaziantep/Nizip/Sultan Abdülhamit
599,Mersin(İçel)/Erdemli/Tömük
600,İzmir/Konak/Atilla
601,İstanbul/Avcılar/Denizköşkler
602,Adana/Seyhan/Denizli
603,Ankara/Yenimahalle/Yeşilevler
604,Mersin(İçel)/Mezitli/Eski Mezitli
605,Zonguldak/Merkez/Meşrutiyet
606,İstanbul/Avcılar/Üniversite
607,İstanbul/Başakşehir/Başakşehir
608,İstanbul/Esenyurt/Cumhuriyet
609,İstanbul/Güngören/Tozkoparan
610,Ankara/Yenimahalle/Ata
611,Muğla/Bodrum/Güvercinlik
612,Ankara/Etimesgut/Eryaman
613,Manisa Satılık Dubleks İlanları/Akhisar Satılık Dubleks İlanları/Ulu Camii Satılık Dubleks İlanları
614,Niğde/Merkez/Aşağı Kayabaşı
615,İstanbul/Esenyurt/Namık Kemal
616,İstanbul/Kartal/Uğurmumcu
617,İstanbul/Küçükçekmece/Kartaltepe
618,İstanbul/Pendik/Velibaba
619,İstanbul/Çatalca/Ferhatpaşa
620,İzmir/Karabağlar/Muammer Akar
621,İzmir/Konak/Göztepe
622,Yalova/Merkez/İsmet Paşa
623,İstanbul/Kağıthane/Sanayi
624,Ankara/Keçiören/Aşağı Eğlence
625,Balıkesir/Edremit/Altınkum
626,İstanbul/Maltepe/Girne
627,Denizli/Merkez/Şemikler
628,Ankara/Yenimahalle/Işınlar
629,Tekirdağ/Çorlu/Zafer
630,İzmir/Bayraklı/Yamanlar
631,İstanbul/Küçükçekmece/Sultan Murat
632,Denizli/Pamukkale/Atalar
633,İstanbul/Kartal/Hürriyet
634,Ankara/Yenimahalle/İlkyerleşim
635,Antalya/Muratpaşa/Çağlayan
636,Hatay/Antakya/Günyazı
637,Kocaeli/Çayırova/İnönü
638,Malatya/Yeşilyurt/Çilesiz
639,Mersin(İçel)/Tarsus/Kaleburcu
640,Sakarya/Adapazarı/Tekeler
641,Samsun/Canik/Hasköy
642,İstanbul/Üsküdar/Zeynep Kamil
643,İzmir/Güzelbahçe/Siteler
644,İzmir/Çiğli/Ahmet Efendi
645,İstanbul/Kartal/Petroliş
646,İzmir/Karabağlar/Bahçelievler
647,Sakarya/Adapazarı/Tepekum
648,Ankara/Yenimahalle/İnönü
649,İstanbul/Tuzla/Evliya Çelebi
650,Aydın/Kuşadası/İkiçeşmelik
651,İzmir/Konak/Kılıç Reis
652,Afyonkarahisar/Emirdağ/Cumhuriyet
653,Aydın/Kuşadası/Soğucak
654,Balıkesir/Ayvalık/İsmetpaşa
655,Eskişehir/Tepebaşı/Güllük
656,Muğla/Bodrum/Akçaalan
657,Sivas/Merkez/Mevlana
658,İzmir/Bayraklı/Tepekule
659,İzmir/Bornova/Atatürk
660,İzmir/Bornova/Rafet Paşa
661,İzmir/Karşıyaka/Zübeyde Hanım
662,Ankara/Çankaya/Şehit Cengiz Karaca
663,Antalya/Kepez/Varsak Karşıyaka
664,Antalya/Muratpaşa/Güzeloba
665,Balıkesir/Karesi/Toygar
666,İstanbul/Üsküdar/Mimar Sinan
667,İzmir/Menemen/İstiklal
668,Mersin(İçel)/Mezitli/Akdeniz
669,Bursa/Nilüfer/Üçevler
670,Aydın/Didim/Yeni
671,Adana/Çukurova/Huzurevleri
672,Ankara/Keçiören/Pınarbaşı
673,Antalya/Döşemealtı/Altınkale
674,Balıkesir/Burhaniye/Bahçelievler
675,Kocaeli/Gebze/Köşklü Çeşme
676,Kocaeli/Karamürsel/4 Temmuz
677,Sivas/Merkez/Gökçebostan
678,İzmir/Buca/Yıldız
679,İzmir/Karabağlar/Kazım Karabekir
680,İstanbul/Beylikdüzü/Barış
681,İzmir/Karşıyaka/Alaybey
682,Ankara/Keçiören/Etlik
683,Adana/Seyhan/Pınar
684,İstanbul/Sancaktepe/Kemal Türkler
685,Eskişehir/Tepebaşı/Batıkent
686,İstanbul/Kağıthane/Çağlayan
687,Ankara/Çankaya/Osman Temiz
688,Aydın/Kuşadası/Davutlar
689,Ankara/Yenimahalle/Ragıp Tüzün
690,Antalya/Alanya/Tepe
691,Bursa/Osmangazi/Yunuseli
692,Denizli/Pamukkale/İstiklal
693,İstanbul/Bağcılar/İnönü
694,İzmir/Foça/Mustafa Kemal Atatürk
695,Elazığ/Merkez/Çaydaçıra
696,Hatay/Antakya/Akevler
697,Adana/Çukurova/Mahfesığmaz
698,Ankara/Yenimahalle/Barıştepe
699,Antalya/Alanya/Mahmutlar
700,Adana/Seyhan/Gürselpaşa
701,İzmir/Çiğli/Yeni Mahalle
702,Ankara/Yenimahalle/Batı Sitesi
703,Ankara/Çankaya/Muhsin Ertuğrul
704,Antalya/Konyaaltı/Siteler
705,Balıkesir/Edremit/Camivasat
706,Kayseri/Talas/Bahçelievler
707,Muğla/Datça/Cumalı
708,İstanbul/Güngören/Haznedar
709,İzmir/Menemen/Kazımpaşa
710,Gaziantep/Şehitkamil/Yukarıbeylerbeyi
711,Manisa/Salihli/Kurtuluş
712,Ankara/Çankaya/Küçükesat
713,Samsun/Atakum/Esenevler
714,Ankara/Çankaya/Aşıkpaşa
715,Antalya/Kemer/Arslanbucak
716,İzmir/Bornova/Erzene
717,Sivas/Merkez/Çiçekli
718,Ankara/Mamak/Şafaktepe
719,Ankara/Etimesgut/Yeşilova
720,Aydın/Didim/Efeler
721,İstanbul/Esenyurt/Yeşilkent
722,İzmir/Karabağlar/Esenlik
723,İzmir/Menemen/Uğur Mumcu
724,İzmir/Çiğli/Evka-5
725,İstanbul/Beylikdüzü/Gürpınar
726,Ankara/Pursaklar/Ayyıldız
727,Ankara/Çankaya/Hilal
728,Ankara/Kahramankazan/Yassıören
729,Ankara/Keçiören/Şefkat
730,Ankara/Mamak/Bahçelerüstü
731,Antalya/Alanya/Kızlar Pınarı
732,Antalya/Muratpaşa/Gençlik
733,Bolu/Merkez/Alpağut
734,Konya/Meram/Pirebi
735,Sakarya/Adapazarı/Camili
736,Samsun/Atakum/İstiklal
737,İstanbul/Avcılar/Ambarlı
738,İstanbul/Esenyurt/Sultaniye
739,İstanbul/Sancaktepe/Atatürk
740,İzmir/Seferihisar/Mersin Alanı
741,İstanbul/Kartal/Gümüşpınar
742,İzmir/Karşıyaka/Demirköprü
743,İstanbul/Fatih/Hırka-i Şerif
744,Ankara/Çankaya/Mürsel Uluç
745,Kocaeli/İzmit/Şirintepe
746,İzmir/Çiğli/Küçük Çiğli
747,Ankara/Çankaya/Ön Cebeci
748,Antalya/Alanya/Cikcilli
749,Düzce/Merkez/Kültür
750,Kocaeli/Gebze/Yenikent
751,Çanakkale/Merkez/Kemalpaşa
752,İstanbul/Sultanbeyli/Mimar Sinan
753,İzmir/Bayraklı/Körfez
754,İzmir/Bergama/Maltepe
755,Ankara/Mamak/Türközü
756,Balıkesir/Ayvalık/Küçükköy
757,Adana/Seyhan/Bahçeşehir
758,Ankara/Etimesgut/Yavuz Selim
759,Ankara/Polatlı/Zafer
760,Ankara/Çankaya/Anıttepe
761,Konya/Selçuklu/Horozluhan
762,Manisa/Yunusemre/Ayni Ali
763,İstanbul/Beyoğlu/Sururi Mehmet Efendi
764,İstanbul/Kağıthane/Mehmet Akif Ersoy
765,İstanbul/Tuzla/Yayla
766,İzmir/Buca/Mustafa Kemal
767,İzmir/Menemen/9 Eylül
768,Çanakkale/Merkez/Esenler
769,Ankara/Çankaya/Zafertepe
770,İstanbul/Bahçelievler/Hürriyet
771,İstanbul/Küçükçekmece/Cennet
772,Denizli/Merkez/Servergazi
773,Ankara/Keçiören/Adnan Menderes
774,İzmir/Bornova/Mevlana
775,Antalya/Kepez/Zafer
776,İstanbul/Bahçelievler/Kocasinan Merkez
777,İstanbul/Kağıthane/Talatpaşa
778,İzmir/Buca/Barış
779,K.K.T.C./Girne/Zeytinlik
780,Ankara/Çankaya/Aydınlar
781,Ankara/Mamak/Altınevler
782,Ankara/Yenimahalle/Güzelyaka
783,Antalya/Serik/Belek
784,Bartın/Merkez/Orduyeri
785,Karaman/Merkez/Pirireis
786,Samsun/İlkadım/Bahçelievler
787,Trabzon/Akçaabat/Söğütlü
788,İstanbul/Çekmeköy/Alemdağ
789,Mersin(İçel)/Toroslar/Mustafa Kemal
790,Mersin(İçel)/Toroslar/Portakal
791,Ankara/Keçiören/Esertepe
792,İzmir/Konak/Altıntaş
793,Ankara Satılık Daire İlanları/Altındağ Satılık Daire İlanları/Yıldıztepe Satılık Daire İlanları
794,Elazığ/Merkez/Sürsürü
795,Karabük/Safranbolu/Barış
796,Samsun/Atakum/Cumhuriyet
797,İstanbul/Bağcılar/Yenigün
798,İstanbul/Büyükçekmece/Ekinoba
799,İstanbul/Pendik/Fatih
800,İzmir/Buca/Yenigün
801,Antalya/Muratpaşa/Muratpaşa
802,Ankara/Mamak/Mehtap
803,Antalya/Kepez/Karşıyaka
804,Karabük/Merkez/Şirinevler
805,Ankara/Keçiören/Basınevleri
806,İstanbul/Pendik/Ahmet Yesevi
807,Ankara/Çankaya/Yukarı Öveçler
808,Bursa/Yıldırım/Yeşil
809,Ankara/Çankaya/Malazgirt
810,Ankara/Yenimahalle/Burç
811,Ankara/Etimesgut/Atakent
812,Ankara/Mamak/Gülveren
813,Bursa/Nilüfer/Barış
814,Eskişehir/Tepebaşı/Uluönder
815,Ankara/Etimesgut/Şeker
816,Denizli/Merkez/Karahasanlı
817,Ankara/Yenimahalle/Çiğdemtepe
818,Diyarbakır/Kayapınar/Fırat
819,Ankara/Pursaklar/Fatih
820,Ankara/Çankaya/İlker
821,Ankara/Yenimahalle/Kentkoop
822,Ankara/Çankaya/Sokullu Mehmet Paşa
823,Balıkesir/Altıeylül/Plevne
824,Kayseri/Melikgazi/Battalgazi
825,Kocaeli/Darıca/Cami
826,Tekirdağ/Marmaraereğlisi/Yeniçiftlik
827,Zonguldak/Merkez/Bahçelievler
828,Çanakkale/Lapseki/Gazi Süleyman Paşa
829,İstanbul/Sancaktepe/Merve
830,İstanbul/Tuzla/Aydınlı
831,İzmir/Karabağlar/Gülyaka
832,Aydın/Didim/Çamlık
833,Kahramanmaraş/Onikişubat/Selçuklu
834,İzmir/Karabağlar/Doğanay
835,Samsun/Atakum/Yenimahalle
836,Eskişehir/Tepebaşı/Ertuğrulgazi
837,Ankara/Mamak/Ege
838,Ankara/Çankaya/Harbiye
839,Ankara/Pursaklar/Merkez
840,İstanbul/Eyüp/Akşemsettin
841,İzmir/Buca/Efeler
842,Ankara/Yenimahalle/Demetevler
843,Ankara/Çankaya/Barbaros
844,Elazığ/Merkez/Rızaiye
845,Eskişehir/Tepebaşı/Işıklar
846,Hatay/Antakya/Ekinci
847,Kocaeli/Başiskele/Yeşilyurt
848,İstanbul/Şişli/M. Şevket Paşa
849,İzmir/Çiğli/Cumhuriyet
850,Kocaeli/Gebze/Mustafapaşa
851,Kırıkkale/Yahşihan/Erenler
852,Ankara/Çankaya/Umut
853,Samsun/Atakum/Mevlana
854,Tekirdağ/Çorlu/Esentepe
855,İzmir/Karabağlar/Selvili
856,İzmir/Menemen/Cumhuriyet
857,Ankara/Yenimahalle/Mehmet Akif Ersoy
858,Ankara/Keçiören/Yayla
859,Van/İpekyolu/Alipaşa
860,Aydın/Didim/Cumhuriyet
861,Ankara/Çankaya/Şehit Cevdet Özdemir
862,Antalya/Muratpaşa/Güzeloluk
863,K.K.T.C./İskele/Boğaz
864,Kayseri/Kocasinan/Mithatpaşa
865,Kayseri/Melikgazi/Gökkent
866,Muğla/Fethiye/Patlangıç
867,Samsun/İlkadım/Kalkancı
868,Çanakkale/Ayvacık/Küçükkuyu (Gökçetepe)
869,İstanbul/Kağıthane/Hürriyet
870,İstanbul/Zeytinburnu/Beştelsiz
871,İzmir/Menemen/Mermerli
872,Ankara/Keçiören/Sancaktepe
873,İstanbul/Ataşehir/Kayışdağı
874,Adana/Seyhan/2000 Evler
875,Kocaeli/Gebze/Barış
876,Ankara/Pursaklar/Saray Fatih
877,Manisa/Yunusemre/Barbaros
878,İstanbul/Sultangazi/Yunus Emre
879,Ankara/Yenimahalle/Çarşı
880,Ankara/Yenimahalle/Kaletepe
881,Antalya/Kepez/Altınova Sinan
882,Ankara/Yenimahalle/25 Mart
883,Ankara/Çankaya/Aşağı Öveçler
884,Antalya/Kepez/Ayanoğlu
885,Bartın/Merkez/Gölbucağı
886,Ordu/Altınordu/Karşıyaka
887,Gaziantep/Şahinbey/Akkent
888,İstanbul/Kağıthane/Seyrantepe
889,Denizli/Pamukkale/Fesleğen
890,Ankara/Keçiören/Kafkas
891,Edirne/Merkez/Şükrüpaşa
892,Ankara/Yenimahalle/Avcılar
893,Ankara/Akyurt/Saracalar
894,Ankara/Yenimahalle/Karşıyaka
895,Bursa/Osmangazi/Demirtaş Cumhuriyet
896,Denizli/Merkez/1200 Evler
897,Eskişehir/Odunpazarı/Gökmeydan
898,Eskişehir/Tepebaşı/Çamlıca
899,Hatay/Dörtyol/Kışlalar
900,Hatay/İskenderun/Sakarya
901,Konya/Karatay/Saraçoğlu
902,Muğla/Dalaman/Merkez
903,İstanbul/Bayrampaşa/Muratpaşa
904,İstanbul/Bağcılar/Çınar
905,İstanbul/Esenyurt/İncirtepe
906,İstanbul/Şişli/Kuştepe
907,İzmir/Buca/Hürriyet
908,İzmir/Karabağlar/Reis
909,İzmir/Menemen/Ulus
910,İzmir/Tire/İbni Melek
911,Balıkesir/Edremit/Akçay
912,Ankara/Pursaklar/Tevfik İleri
913,İzmir/Karabağlar/Bozyaka
914,Ankara/Çankaya/Metin Oktay
915,Denizli/Merkez/Adalet
916,Mersin(İçel)/Mezitli/Atatürk
917,İstanbul/Sancaktepe/Yenidoğan
918,Gaziantep/Şehitkamil/Belkız
919,Bursa/Nilüfer/İhsaniye
920,Isparta/Merkez/Vatan
921,Manisa/Yunusemre/Tevfikiye
922,Tekirdağ/Süleymanpaşa/100. Yıl
923,Balıkesir/Karesi/Paşa Alanı
924,Ankara/Mamak/Durali Alıç
925,Ankara Satılık Daire İlanları/Keçiören Satılık Daire İlanları/Etlik Satılık Daire İlanları
926,İstanbul/Avcılar/Merkez
927,İstanbul/Esenyurt/Saadetdere
928,Adana/Seyhan/Yeşilyurt
929,Adana/Seyhan/Aydınlar
930,Ankara/Keçiören/Çiçekli
931,Ankara/Çankaya/Kızılay
932,Denizli/Merkez/Çakmak
933,İstanbul/Bayrampaşa/Cevatpaşa
934,İstanbul/Kartal/Yukarı
935,İstanbul/Tuzla/Mimar Sinan
936,İzmir/Karşıyaka/Cumhuriyet
937,Bursa/Nilüfer/Dumlupınar
938,Adana/Çukurova/Toros
939,Ankara/Etimesgut/Şehit Osman Avcı
940,Tekirdağ/Çorlu/Alipaşa
941,İstanbul/Gaziosmanpaşa/Yıldıztabya
942,İstanbul/Beylikdüzü/Cumhuriyet
943,Ankara/Keçiören/Emrah
944,Ankara/Çankaya/Esatoğlu
945,Antalya/Kepez/Yeşilyurt
946,Mardin/Artuklu/Yenişehir
947,İstanbul/Bahçelievler/Zafer
948,Ankara/Pursaklar/Mimar Sinan
949,Antalya/Muratpaşa/Tahılpazarı
950,Ordu/Altınordu/Şahincili
951,Ankara/Keçiören/Yükseltepe
952,Kahramanmaraş/Onikişubat/Boğaziçi
953,İstanbul/Avcılar/Cihangir
954,Hatay/Defne/Çekmece
955,İstanbul/Bahçelievler/Fevziçakmak
956,Tekirdağ/Çorlu/Muhittin
957,Aydın/Didim/Hisar
958,Ankara/Altındağ/Aktaş
959,Adana/Sarıçam/Çarkıpare
960,Adana/Seyhan/Mithatpaşa
961,Burdur/Merkez/Şirinevler
962,Bursa/Nilüfer/Kayapa
963,Bursa/Yıldırım/Yenımahalle
964,Erzurum/Aziziye/Gez Köyü OSB
965,Mersin(İçel)/Mezitli/Deniz
966,Mersin(İçel)/Toroslar/Yalınayak
967,Ordu/Altınordu/Bahçelievler
968,Sakarya/Karasu/Kabakoz
969,İstanbul/Güngören/Güneştepe
970,İzmir/Buca/Laleli
971,Kocaeli/Darıca/Kazım Karabekir
972,Ankara/Etimesgut/İstasyon
973,Mersin(İçel)/Yenişehir/Hürriyet
974,İstanbul/Bahçelievler/Çobançeşme
975,İzmir/Konak/Barbaros
976,İzmir/Buca/İnkılap
977,Ankara/Etimesgut/Tunahan
978,İzmir/Menderes/Gümüldür Fevzi Çakmak
979,Ankara/Çankaya/Naci Çakır
980,Adana/Çukurova/Yüzüncüyıl
981,İstanbul/Sancaktepe/Fatih
982,İstanbul/Beylikdüzü/Yakuplu
983,Adana/Seyhan/Tellidere
984,Antalya/Muratpaşa/Etiler
985,Burdur/Merkez/Emek
986,Bursa/Mudanya/Yeni
987,Eskişehir/Odunpazarı/Yenidoğan
988,Gaziantep/Nizip/Eyüp Sultan
989,Kayseri/Kocasinan/Yeşil
990,Manisa/Yunusemre/Merkez Efendi
991,Muğla/Menteşe/Muslihittin
992,Trabzon/Ortahisar/Pelitli
993,İstanbul/Pendik/Kavakpınar
994,İstanbul/Sultangazi/Zübeyde Hanım
995,Antalya/Muratpaşa/Konuksever
996,Ankara/Pursaklar/Saray Cumhuriyet
997,Ankara/Altındağ/Gülpınar
998,Afyonkarahisar/Merkez/Eşrefpaşa
999,Ankara/Çankaya/Metin Akkuş
1000,Kayseri/Talas/Yenidoğan
1001,İstanbul/Zeytinburnu/Telsiz
1002,İzmir Satılık Daire İlanları/Karabağlar Satılık Daire İlanları/Basın Sitesi Satılık Daire İlanları
1003,İzmir/Buca/Ufuk
1004,İzmir/Çiğli/Balatçık
1005,Adana/Çukurova/Beyazevler
1006,Denizli/Pamukkale/Deliktaş
1007,Manisa/Şehzadeler/Arda
1008,Antalya/Muratpaşa/Gebizli
1009,Ankara/Keçiören/Atapark
1010,Ankara/Altındağ/Başpınar
1011,Ankara/Keçiören/Aktepe
1012,Edirne/Merkez/Abdurrahman
1013,Eskişehir/Tepebaşı/Zafer
1014,Konya/Selçuklu/Parsana
1015,Manisa/Yunusemre/50. Yıl
1016,Manisa/Şehzadeler/Tunca
1017,Mersin(İçel)/Yenişehir/Akkent
1018,Trabzon/Ortahisar/Kaymaklı
1019,Yalova/Çiftlikköy/Çiftlik
1020,İstanbul/Küçükçekmece/İstasyon
1021,İzmir/Buca/Menderes
1022,İzmir/Karabağlar/Refet Bele
1023,İzmir/Menderes/Mithatpaşa
1024,Ankara/Çankaya/Erzurum
1025,Balıkesir/Bandırma/100. Yıl
1026,Mersin(İçel)/Tarsus/Anıt
1027,Şanlıurfa/Haliliye/Karsıyaka
1028,Kayseri/Talas/Mevlana
1029,Kahramanmaraş/Onikişubat/Hürriyet
1030,Mersin(İçel)/Mezitli/Viranşehir
1031,Tekirdağ/Çorlu/Şeyh Sinan
1032,Konya/Meram/Yaka
1033,Antalya/Kepez/Ünsal
1034,Mersin(İçel)/Yenişehir/Çiftlikköy
1035,Ankara/Keçiören/Kavacık Subayevleri
1036,Ankara/Mamak/Demirlibahçe
1037,Bolu/Merkez/Aşağısoku
1038,Giresun/Merkez/Aksu
1039,Manisa/Yunusemre/Yeni Mahalle
1040,Samsun/İlkadım/Kışla
1041,İstanbul/Tuzla/Aydıntepe
1042,İstanbul/Çekmeköy/Aydınlar
1043,Ankara/Etimesgut/Güzelkent
1044,Ankara/Sincan/Mustafa Kemal
1045,Adana/Çukurova/Karslılar
1046,Ankara/Keçiören/Kuşcağız
1047,Antalya/Muratpaşa/Soğuksu
1048,Elazığ/Merkez/Doğu Kent
1049,Manisa/Yunusemre/Topçuasım
1050,Niğde/Merkez/Efendibey
1051,Tekirdağ/Çorlu/Çobançeşme
1052,İstanbul/Avcılar/Mustafa Kemal Paşa
1053,Ankara/Mamak/Başak
1054,İstanbul/Gaziosmanpaşa/Bağlarbaşı
1055,Kastamonu/Merkez/Kuzeykent
1056,Bursa/Osmangazi/Ovaakça Merkez
1057,Adıyaman/Merkez/Altınşehir
1058,İstanbul/Esenyurt/Güzelyurt
1059,Ankara/Çankaya/Huzur
1060,Ankara/Keçiören/Kanuni
1061,Ankara/Mamak/Mutlu
1062,Bursa/Mudanya/Güzelyalı Burgaz
1063,Bursa/Nilüfer/Çalı
1064,Ordu/Altınordu/Cumhuriyet
1065,Sakarya/Sapanca/Yeni
1066,Yalova/Çınarcık/Taşliman
1067,Ankara/Altındağ/Yıldıztepe
1068,Denizli/Merkez/Akkonak
1069,Ankara/Altındağ/Doğantepe
1070,Kocaeli/Körfez/Barbaros
1071,Bursa/Yıldırım/Hacıseyfettin
1072,Hatay/Antakya/Odabaşı
1073,Eskişehir/Odunpazarı/Emek
1074,İzmir/Buca/Güven
1075,İzmir/Kemalpaşa/Mehmet Akif Ersoy
1076,Ankara/Keçiören/Ayvalı
1077,Ankara/Altındağ/Beşikkaya
1078,Ankara/Keçiören/Tepebaşı
1079,Antalya/Kepez/Teomanpaşa
1080,Adana/Sarıçam/Mehmet Akif Ersoy
1081,Antalya/Kepez/Erenköy
1082,Düzce/Merkez/Beyciler
1083,Kocaeli/Çayırova/Akse
1084,Manisa Satılık Daire İlanları/Akhisar Satılık Daire İlanları/Hürriyet Satılık Daire İlanları
1085,Çanakkale/Biga/Hamdibey
1086,İstanbul/Esenyurt/Piri Reis
1087,İstanbul/Esenyurt/Yunus Emre
1088,İzmir/Konak/Kemal Reis
1089,İzmir/Torbalı/Tepeköy
1090,İzmir/Çiğli/Atatürk
1091,İzmir/Ödemiş/Mimar Sinan
1092,Ankara/Etimesgut/Ayyıldız
1093,Kocaeli/Gebze/Mevlana
1094,Ankara/Etimesgut/Elvan
1095,Kocaeli/Gebze/Cumhuriyet
1096,Kayseri/Develi/Şehit Üsteğmen Hasan Şahan
1097,Mersin(İçel)/Silifke/Atakent
1098,Manisa/Yunusemre/Muradiye
1099,Ankara/Etimesgut/Alsancak
1100,Ankara/Yenimahalle/Ergazi
1101,Ankara/Etimesgut/Altay
1102,Ankara/Keçiören/İncirli
1103,Antalya/Kepez/Altınova Orta
1104,Denizli/Merkez/Değirmenönü
1105,Samsun/Canik/Kuzey Yıldızı
1106,Tekirdağ/Kapaklı/Cumhuriyet
1107,İstanbul/Beylikdüzü/Dereağzı
1108,İstanbul/Silivri/Alibey
1109,Antalya/Muratpaşa/Yüksekalan
1110,Kayseri/Melikgazi/Gesi Fatih
1111,Mersin(İçel)/Mezitli/Davultepe
1112,Elazığ/Merkez/Ataşehir
1113,Kocaeli/Gebze/Mimar Sinan
1114,Ankara/Altındağ/Karapürçek
1115,Antalya/Kepez/Şafak
1116,Ankara/Çubuk/Cumhuriyet
1117,Bursa/Yıldırım/Karaağaç
1118,Yalova/Çınarcık/Çamlık
1119,İstanbul/Pendik/Güzelyalı
1120,İzmir/Buca/Yaylacık
1121,İzmir/Menemen/Gazi Mustafa Kemal
1122,Ankara/Mamak/Cengizhan
1123,Eskişehir/Tepebaşı/Eskibağlar
1124,Ankara/Etimesgut/Topçu
1125,Ankara/Mamak/Hürel
1126,Adana/Seyhan/Döşeme
1127,Bilecik/Merkez/Beşiktaş
1128,Mersin(İçel)/Yenişehir/Gazi
1129,Mersin(İçel)/Yenişehir/Güvenevler
1130,Antalya/Muratpaşa/Kızılarık
1131,İzmir/Buca/Kozağaç
1132,Bursa/Nilüfer/Görükle
1133,İstanbul/Maltepe/Zümrütevler
1134,Denizli/Pamukkale/Dokuzkavaklar
1135,Erzurum/Yakutiye/Kazım Karabekir Paşa
1136,Eskişehir/Tepebaşı/Esentepe
1137,Samsun/Canik/Uludağ
1138,Sivas/Merkez/Alibaba
1139,Ankara/Altındağ/Altınpark
1140,Antalya/Kepez/Gazi
1141,Ankara/Mamak/Kutlu
1142,Hatay/Antakya/Saraykent
1143,İzmir/Karşıyaka/İmbatlı
1144,Kocaeli/Gebze/Arapçeşme
1145,Ankara/Mamak/General Zeki Doğan
1146,Antalya/Kepez/Habibler
1147,Aydın/Efeler/Cuma
1148,Edirne/Merkez/Koca Sinan
1149,Kastamonu/Taşköprü/Karasait
1150,Konya/Selçuklu/Malazgirt
1151,Şanlıurfa/Karaköprü/Esentepe
1152,Ankara/Mamak/Kazım Orbay
1153,Antalya/Kepez/Kanal
1154,Bartın/Merkez/Karaköy
1155,Eskişehir/Odunpazarı/71 Evler
1156,Samsun/Atakum/Küçükkolpınar
1157,Zonguldak/Merkez/Tepebaşı
1158,İzmir/Bayraklı/Emek
1159,Çorum/Merkez/Ulukavak
1160,Ankara/Pursaklar/Yunus Emre
1161,Ankara/Etimesgut/Oğuzlar
1162,İzmir/Menderes/Barbaros
1163,Denizli/Merkez/Sümer
1164,Ankara/Altındağ/Çamlık
1165,Ankara/Sincan/Pınarbaşı
1166,Aydın/Efeler/Meşrutiyet
1167,Balıkesir/Bandırma/17 Eylül
1168,Burdur/Merkez/Konak
1169,Eskişehir/Tepebaşı/Bahçelievler
1170,Kocaeli/İzmit/Tavşantepe
1171,Mersin(İçel)/Yenişehir/Cumhuriyet
1172,Sakarya/Adapazarı/Yeni Cami
1173,Sakarya/Karasu/Yeni
1174,İstanbul/Esenyurt/Turgut Özal
1175,İzmir/Karabağlar/Ali Fuat Cebesoy
1176,Manisa/Şehzadeler/İbrahimçelebi
1177,Konya/Karatay/Doğuş
1178,İstanbul/Kağıthane/Harmantepe
1179,Ankara/Mamak/Altıağaç
1180,İstanbul/Esenyurt/Örnek
1181,Antalya/Kepez/Mehmet Akif Ersoy
1182,Ankara Satılık Daire İlanları/Mamak Satılık Daire İlanları/General Zeki Doğan Satılık Daire İlanları
1183,Sinop/Merkez/Ada
1184,Ankara/Etimesgut/Şeyh Şamil
1185,Ankara/Altındağ/Plevne
1186,Ankara/Çubuk/Yıldırım Beyazıt
1187,Balıkesir/Bandırma/Hacı Yusuf
1188,Balıkesir/Bandırma/Çınarlı
1189,Denizli/Pamukkale/Fatih
1190,Samsun/Atakum/Mimarsinan
1191,İstanbul/Esenyurt/Akevler
1192,İzmir/Çiğli/Şirintepe
1193,Sakarya/Karasu/Aziziye
1194,Ankara/Sincan/Ahi Evran
1195,Antalya/Kepez/Güneş
1196,Ankara/Mamak/Çağlayan
1197,Erzurum/Aziziye/Saltuklu
1198,Eskişehir/Tepebaşı/Şirintepe
1199,İzmir/Buca/İnönü
1200,İstanbul/Beylikdüzü/Beylikdüzü OSB
1201,Antalya/Kepez/Kütükçü
1202,Kocaeli/Karamürsel/Kayacık
1203,Tekirdağ/Süleymanpaşa/Gündoğdu-Turgut
1204,Ankara/Mamak/Peyami Sefa
1205,Konya/Selçuklu/Selahaddin Eyyubi
1206,Çorum/Merkez/Bahçelievler
1207,Mersin(İçel)/Yenişehir/Barbaros
1208,Mersin(İçel)/Yenişehir/Bahçelievler
1209,Tekirdağ/Çerkezköy/Bağlık
1210,Adana/Sarıçam/Yeşiltepe
1211,Ankara/Mamak/Karaağaç
1212,Ankara/Sincan/Andiçen
1213,Edirne/Keşan/Büyük Cami
1214,Kahramanmaraş/Onikişubat/Vadi
1215,Karaman/Merkez/Valide Sultan
1216,Muğla/Menteşe/Şeyh
1217,Ordu/Fatsa/Sakarya
1218,İzmir/Çiğli/Maltepe
1219,Ankara/Keçiören/19 Mayıs
1220,Antalya/Kepez/Sütçüler
1221,İstanbul/Esenyurt/Süleymaniye
1222,Ankara/Mamak/Şirintepe
1223,Şanlıurfa/Haliliye/Sırrın
1224,Ankara/Çankaya/Seyranbağları
1225,Hatay/İskenderun/Pınarbaşı
1226,Tekirdağ/Çorlu/Reşadiye
1227,Kırıkkale/Merkez/Gürler
1228,Tekirdağ/Çerkezköy/Gazi Mustafa Kemalpaşa
1229,Ankara/Polatlı/Kurtuluş
1230,Antalya/Kepez/Kuzeyyaka
1231,Denizli/Pamukkale/Tekke
1232,Konya/Selçuklu/Beyhekim
1233,Nevşehir/Merkez/Ragıp Üner
1234,İstanbul/Arnavutköy/Taşoluk
1235,İzmir/Kemalpaşa/Soğukpınar
1236,Karabük/Safranbolu/Esentepe
1237,Ankara/Altındağ/Örnek
1238,Tekirdağ/Kapaklı/Bahçelievler
1239,Mersin(İçel)/Toroslar/Alsancak
1240,Ankara/Mamak/Aşık Veysel
1241,Ankara/Sincan/Plevne
1242,Mersin(İçel)/Yenişehir/Aydınlıkevler
1243,Hatay/Antakya/Esentepe
1244,Kocaeli/İzmit/Yeşilova
1245,Adana/Sarıçam/Akkuyu
1246,Ankara/Altındağ/Alemdağ
1247,Kocaeli/Gebze/Güzeller
1248,Kırklareli/Lüleburgaz/Yıldırım
1249,Antalya/Kepez/Yeşiltepe
1250,İstanbul/Esenyurt/Yenikent
1251,Ankara/Mamak/Fahri Korutürk
1252,Ankara/Etimesgut/Süvari
1253,Ankara/Mamak/Bostancık
1254,Hatay/Antakya/Ürgen Paşa
1255,Konya/Karatay/Karaaslandede
1256,Manisa/Yunusemre/Mareşal Fevzi Çakmak
1257,Ordu/Altınordu/Nizamettin
1258,İstanbul/Pendik/Esenyalı
1259,Ankara/Keçiören/Şehit Kubilay
1260,Tekirdağ/Çorlu/Rumeli
1261,Ankara/Yenimahalle/Esentepe
1262,Ankara/Mamak/Tuzluçayır
1263,Bursa/Osmangazi/Hamzabey
1264,Mersin(İçel)/Toroslar/Güneykent
1265,Çanakkale/Merkez/İsmetpaşa
1266,Kayseri/Talas/Kiçiköy
1267,Ankara/Mamak/Şahintepe
1268,Diyarbakır/Bağlar/Bağcılar
1269,Denizli/Merkez/Sevindik
1270,Düzce/Merkez/Şerefiye
1271,Kayseri/Bünyan/Sağlık
1272,Çorum/Merkez/Buharaevler
1273,Denizli/Merkez/Gümüşçay
1274,Antalya/Kepez/Yeni
1275,Samsun/Atakum/Körfez
1276,Ankara/Keçiören/Yeşiltepe
1277,Sakarya/Karasu/Yalı
1278,Konya/Selçuklu/İhsaniye
1279,Sakarya/Serdivan/Beşköprü
1280,Tekirdağ/Çerkezköy/Yıldırım Beyazıt
1281,Nevşehir/Merkez/2000 Evler
1282,Tekirdağ/Süleymanpaşa/Altınova
1283,Ankara/Yenimahalle/Kuzey Yıldızı
1284,Ankara/Altındağ/Feridun Çelik
1285,Denizli/Pamukkale/Anafartalar
1286,Ankara/Sincan/Selçuklu
1287,Afyonkarahisar/Merkez/Selçuklu
1288,Gaziantep/Şahinbey/Güneykent
1289,İstanbul/Esenler/Fatih
1290,Ankara/Altındağ/Ziraat
1291,Ankara/Sincan/Atatürk
1292,Antalya/Kepez/Esentepe
1293,Balıkesir/Bandırma/Paşakent
1294,Balıkesir/Bandırma/İhsaniye
1295,Bursa/Yıldırım/Selimzade
1296,Kayseri/Kocasinan/Yeni
1297,Kocaeli/Derince/Yenikent
1298,Çorum/Merkez/Gülabibey
1299,Antalya/Kepez/Hüsnü Karakaş
1300,Ankara/Mamak/Boğaziçi
1301,Tekirdağ/Ergene/Cumhuriyet
1302,Tekirdağ/Kapaklı/Atatürk
1303,Ankara/Sincan/Tandoğan
1304,Antalya/Muratpaşa/Cumhuriyet
1305,Çorum/Merkez/Kale
1306,Ankara/Altındağ/Doğu
1307,Gaziantep/Nizip/Fırat
1308,Hatay/Dörtyol/Numune Evler
1309,Karaman/Merkez/Ahmet Yesevi
1310,Kayseri/Kocasinan/Fevzi Çakmak
1311,Tokat/Merkez/Karşıyaka
1312,Ankara/Mamak/Akşemsettin
1313,Mersin(İçel)/Toroslar/Sağlık
1314,Eskişehir/Tepebaşı/Sütlüce
1315,Adana/Sarıçam/Gültepe
1316,Ankara/Sincan/Fevzi Çakmak
1317,Aydın/Efeler/Kurtuluş
1318,Denizli/Merkez/Saraylar
1319,Erzurum/Yakutiye/Şükrüpaşa
1320,K.K.T.C./Girne/Edremit
1321,Kocaeli/Körfez/Mimar Sinan
1322,Mersin(İçel)/Erdemli/Akdeniz
1323,Zonguldak/Merkez/İncivez
1324,İstanbul/Esenyurt/Akçaburgaz
1325,Şanlıurfa/Karaköprü/Narlıkuyu
1326,Adana/Sarıçam/Osmangazi
1327,Ankara/Etimesgut/Aşağıyurtçu
1328,Hatay/İskenderun/İsmet İnönü
1329,Mardin/Kızıltepe/Yenimahalle
1330,Niğde/Merkez/Şahinali
1331,Yalova/Altınova/Cumhuriyet
1332,Tekirdağ/Çorlu/Kemalettin
1333,İzmir/Buca/Atatürk
1334,Adana/Seyhan/Emek
1335,Ankara/Sincan/Akşemsettin
1336,Antalya/Kepez/Yeni Doğan
1337,Düzce/Merkez/Yeni
1338,Kocaeli/Gebze/Beylikbağı
1339,Tekirdağ/Çorlu/Cemaliye
1340,Hatay/Antakya/Aksaray
1341,Hatay/Antakya/Altınçay
1342,Adana/Sarıçam/Hürriyet
1343,Ankara/Mamak/Misket
1344,Ankara/Etimesgut/Yapracık
1345,Kastamonu/Merkez/Budamış
1346,Kastamonu/Merkez/Budamış (Budamış)
1347,Ankara/Çubuk/Esenboğa Merkez
1348,Eskişehir/Odunpazarı/Gültepe
1349,Bursa/Gemlik/Cumhuriyet
1350,Karaman/Merkez/İmaret
1351,Ankara/Etimesgut/Piyade
1352,Mersin(İçel)/Akdeniz/Hamidiye
1353,Mersin(İçel)/Akdeniz/Yeni
1354,Eskişehir/Tepebaşı/Fatih
1355,Ankara/Mamak/Akdere
1356,Ankara/Mamak/Harman
1357,Denizli/Pamukkale/Akhan
1358,Eskişehir/Odunpazarı/Erenköy
1359,Kocaeli/Derince/Sırrıpaşa
1360,Kocaeli/Gölcük/Atatürk
1361,Yozgat/Merkez/Çapanoğlu
1362,Çorum/Merkez/Mimar Sinan
1363,İzmir/Menemen/İnönü
1364,İzmir/Buca/Adatepe
1365,Eskişehir/Tepebaşı/Kumlubel
1366,Manisa/Turgutlu/Yıldırım
1367,Bursa/Yıldırım/Karamazak
1368,Denizli/Merkez/Muratdede
1369,Denizli/Pamukkale/Asmalıevler
1370,Trabzon/Ortahisar/Toklu
1371,Zonguldak/Kozlu/Güney
1372,Erzurum/Palandöken/Hüseyin Avni Ulaş
1373,Afyonkarahisar/Merkez/Nazmi Saatçi
1374,Ankara/Yenimahalle/Ergenekon
1375,Eskişehir/Odunpazarı/Huzur
1376,Tekirdağ/Çerkezköy/Kızılpınar
1377,Eskişehir/Tepebaşı/Yenibağlar
1378,Mersin(İçel)/Akdeniz/Üçocak
1379,Balıkesir/Bandırma/Paşabayır
1380,İstanbul/Esenyurt/Mehterçeşme
1381,Konya/Ereğli/Hacı Mustafa
1382,Manisa/Turgutlu/Selvilitepe
1383,Eskişehir/Tepebaşı/Tunalı
1384,Samsun/Canik/Karşıyaka
1385,Van/İpekyolu/Vali Mithat Bey
1386,İstanbul/Pendik/Orhangazi
1387,Erzurum/Palandöken/Yunusemre
1388,Ankara/Etimesgut/30 Ağustos
1389,Balıkesir/Altıeylül/Gaziosmanpaşa
1390,Karabük/Merkez/Kurtuluş
1391,Gaziantep/Şahinbey/Küçükkızılhisar
1392,Ankara/Keçiören/Çaldıran
1393,Eskişehir/Odunpazarı/Yıldıztepe
1394,Hatay/Antakya/Akasya
1395,Mersin(İçel)/Yenişehir/Pirireis
1396,Tekirdağ/Çerkezköy/İstasyon
1397,İzmir/Buca/Kuruçeşme
1398,Ankara/Altındağ/Karacaören
1399,Ankara/Sincan/Mareşal Çakmak
1400,Kastamonu/Merkez/Saraçlar
1401,Mersin(İçel)/Erdemli/Kızkalesi
1402,Kayseri/Melikgazi/Mimarsinandemokrasi
1403,Antalya/Kepez/Düdenbaşı
1404,Adana/Sarıçam/Sarıçam
1405,Ankara/Mamak/Balkiraz
1406,Kocaeli/Körfez/İlimtepe
1407,Ankara/Pursaklar/Abadan
1408,Ankara/Etimesgut/Yukarıyurtçu
1409,Eskişehir/Odunpazarı/Büyükdere
1410,Mersin(İçel)/Mezitli/Tece
1411,Trabzon/Ortahisar/2 Nolu Beşirli
1412,Kırıkkale/Merkez/Yaylacık
1413,Bolu/Merkez/Karaçayır
1414,Kastamonu/Taşköprü/Bahçelievler
1415,Ankara/Altındağ/Baraj
1416,Kocaeli Satılık Daire İlanları/İzmit Satılık Daire İlanları/Kozluk Satılık Daire İlanları
1417,Tekirdağ/Çorlu/Nusratiye
1418,İstanbul/Büyükçekmece/Kamiloba
1419,Ankara/Keçiören/Şenyuva
1420,Karaman/Merkez/Gevher Hatun
1421,İzmir/Konak/Yenidoğan
1422,Ankara/Sincan/İstasyon
1423,Çanakkale/Merkez/Kepez (Boğazkent)
1424,Ankara/Mamak/Abidinpaşa
1425,K.K.T.C./Girne/Aşağı Girne
1426,Edirne/Merkez/Barutluk
1427,Kastamonu/Daday/Merkez
1428,Ankara/Yenimahalle/Demetgül
1429,Mersin(İçel)/Anamur/Sultan Alaaddin
1430,Samsun/Canik/Belediye Evleri
1431,Aydın/Nazilli/İsabeyli
1432,Ankara/Mamak/Yeşilbayır
1433,Şanlıurfa/Karaköprü/Maşuk
1434,Ankara/Altındağ/Gültepe
1435,Balıkesir/Karesi/Ege
1436,Hatay/Antakya/Gazi
1437,Kocaeli/İzmit/Arızlı
1438,İstanbul/Başakşehir/Ziya Gökalp
1439,Tekirdağ/Çorlu/Yenice
1440,Aydın/Yenipazar/Yeni
1441,Balıkesir/Ayvalık/Fevzipaşa-Vehbibey
1442,Eskişehir/Çifteler/Arslanlı
1443,Ankara/Mamak/Zirvekent
1444,Tekirdağ/Süleymanpaşa/Zafer
1445,Şanlıurfa/Haliliye/Bağlarbaşı
1446,Ağrı/Merkez/Fırat
1447,Eskişehir/Odunpazarı/Arifiye
1448,Hatay/Antakya/Kışla Saray
1449,Karaman/Merkez/Sakabaşı
1450,İzmir/Bergama/Örenli
1451,Kırıkkale/Yahşihan/Emirler
1452,Çanakkale/Yenice/Karadoru
1453,Çankırı/Merkez/Karatekin
